employee_id,first_name,last_name,salary,hire_date,department_id,department,residence_city,age,job_level
1,Thatcher,Muddicliffe,24056.4,10/11/2003,4,IT,Beizhouzi,37,Entry Level
2,Franny,Linne,107376.06,1/16/2006,2,Finance,Oepula,40,Mid Level
3,Herb,Mongin,78736.19,12/28/2017,1,Marketing,Placer,51,Mid Level
4,Artemas,Corp,144073.44,11/2/2015,1,Marketing,Al Ḩammāmāt,46,Senior Level
5,Leonerd,Wildes,107202.26,4/28/2012,3,Marketing,Lewisporte,19,Entry Level
6,Eloisa,Eccleshare,103327.85,12/11/2016,1,HR,Jintan,30,Executive
7,Costanza,Orrow,99416.47,9/25/2000,3,HR,Nuquí,57,Mid Level
8,Rosanna,Huxter,34250.76,3/27/2016,1,HR,Zaragoza,45,Mid Level
9,Chad,Bertelmot,139501.48,9/6/2017,2,Sales,Koltubanovskiy,24,Entry Level
10,Conan,Vinck,99517.77,1/18/2018,4,Marketing,Langres,37,Entry Level
11,Calv,Elderkin,48489.14,11/13/2009,3,Marketing,Balucuc,25,Entry Level
12,Johann,Dugood,94431.52,2/13/2003,1,IT,Helin,41,Entry Level
13,Molly,Danilchev,104298.39,9/4/2020,4,Marketing,La Plaine-Saint-Denis,46,Mid Level
14,Somerset,Clawley,92917.43,12/25/2007,4,IT,Kovilj,60,Entry Level
15,Marice,Yurkevich,40672.83,7/28/2021,1,Sales,Klisura,32,Executive
16,Bel,Stean,142522.17,6/27/2010,3,IT,Al Marj,59,Entry Level
17,Aeriell,Deddum,23782.11,9/20/2020,4,Marketing,Litian,56,Mid Level
18,Shaylyn,Claughton,137783.28,7/21/2018,5,Finance,Sindi,44,Entry Level
19,Jesselyn,Hebbs,125636.25,8/26/2015,3,HR,Chenjiatan,45,Entry Level
20,Andonis,Ortmann,140982.59,9/4/2003,2,IT,Mamedkala,49,Senior Level
21,Norene,Wintringham,20624.82,2/5/2003,3,Sales,Casa Nova,50,Mid Level
22,Dominik,Mesnard,93223.65,1/13/2000,5,Marketing,Zmiennica,54,Executive
23,Michelle,Alvarez,136823.34,7/5/2021,4,Marketing,Kučevo,19,Senior Level
24,Gerri,Robilliard,29253.64,9/16/2017,3,HR,Candelária,48,Senior Level
25,Claudette,Midden,73130.28,1/2/2005,5,IT,Guruyan,51,Mid Level
26,Marthena,Ruoss,138900.55,3/8/2021,4,HR,Marolambo,37,Executive
27,Annnora,Burnham,47226.48,1/31/2001,3,Sales,Macroom,37,Senior Level
28,Annetta,Hollows,63179.81,10/1/2014,3,Sales,Changxingbao,18,Senior Level
29,Geri,Khadir,53664.99,8/4/2015,1,Sales,Riyom,30,Senior Level
30,Bride,Ridwood,111079.82,3/11/2009,2,Marketing,Belo Blato,50,Entry Level
31,Fanechka,Lyven,75681.46,7/12/2005,3,Marketing,Sovetsk,28,Senior Level
32,Charmion,Ackrill,87377.57,10/28/2012,5,Finance,Bouna,39,Entry Level
33,Twyla,Montford,23700.63,11/9/2015,3,Sales,Miracema,35,Mid Level
34,Nicholle,Skim,32791.36,9/17/2017,1,Sales,Zoumaling,39,Senior Level
35,Merle,Taft,36452.14,8/11/2021,1,Finance,Huiwen,20,Mid Level
36,Dacey,Dovidian,88678.29,8/29/2019,2,Finance,Ts’khinvali,25,Entry Level
37,Theda,De Vaar,59563.82,1/8/2009,3,Marketing,Santiago,55,Entry Level
38,Lind,Stanbra,96432.43,8/31/2022,5,Finance,Dushanbe,48,Mid Level
39,Hendrick,Hallick,143431.78,6/16/2022,4,Sales,Saldanha,39,Entry Level
40,Johnna,Roubert,48202.47,10/5/2009,3,Sales,Energeticheskiy,29,Mid Level
41,Ernestine,Lorent,32674.86,9/19/2006,5,Sales,Beddeng,40,Executive
42,Marie-ann,Comben,125333.64,3/21/2016,4,IT,Keda,52,Senior Level
43,Mead,Whitehair,90343.43,1/16/2005,4,HR,Sindangsari,25,Senior Level
44,Torey,Kemer,63219.36,9/30/2010,5,Marketing,Togitsu,56,Executive
45,Herb,Yarr,56889.37,11/3/2009,5,Marketing,Mauloo,47,Senior Level
46,Gunar,Goodridge,123628.8,1/18/2020,3,IT,Aracataca,53,Mid Level
47,Ezmeralda,Ackers,33654.45,8/30/2017,5,Marketing,Österbybruk,41,Executive
48,Tommy,Braunston,23228.71,1/24/2016,1,HR,Yunchi,46,Entry Level
49,Emlyn,Paye,113899.67,8/15/2009,3,Marketing,Sawara,52,Mid Level
50,Isidoro,Tooher,71728.16,5/14/2006,2,Finance,Danyang,55,Entry Level
51,Ruperto,Human,134866.37,2/19/2004,5,Finance,Boulaouane,43,Mid Level
52,Roddy,Colbertson,69016.15,5/31/2002,2,Marketing,Hulín,54,Senior Level
53,Fernandina,Gurko,113933.39,9/6/2022,4,HR,Stockholm,26,Mid Level
54,Cherlyn,Scoullar,89013.89,1/15/2008,2,IT,Tsyurupyns’k,29,Senior Level
55,Donella,Plumm,25913.06,8/28/2022,2,Finance,Manika,34,Entry Level
56,Ebenezer,Belf,103218.23,5/4/2019,4,HR,Villa Constitución,38,Entry Level
57,Cris,Jirzik,31835.94,8/30/2003,2,Finance,Yunshan,18,Entry Level
58,Berte,Janning,44627.51,1/1/2002,5,Marketing,Vihti,46,Executive
59,Pam,Glendenning,68288.46,2/26/2019,1,IT,Weitang,43,Executive
60,Hagen,Nendick,33185.91,9/15/2022,4,HR,Gyodong,37,Entry Level
61,Werner,Gosenell,65983.82,6/10/2005,1,Sales,São Luís de Montes Belos,35,Senior Level
62,Euell,Jurasek,83370.01,1/15/2008,2,Marketing,Kuasha,33,Mid Level
63,Antoine,Howood,131273.1,5/28/2015,4,Finance,Leiwang,52,Executive
64,Claudina,Klejna,135312.81,10/30/2000,2,Marketing,Phrae,23,Senior Level
65,Madelon,Stainfield,62376.77,10/5/2007,3,IT,Bongouanou,38,Senior Level
66,Dalila,Greasley,98043.65,5/15/2001,5,Sales,Cái Nhum,58,Mid Level
67,Kevon,Wallworke,147443.05,7/9/2005,3,Marketing,Stockholm,35,Entry Level
68,Harrietta,Twaits,70823.53,1/5/2013,3,Sales,Paris 07,18,Entry Level
69,Billy,Cashman,23953.0,5/29/2018,2,Finance,Barkly East,49,Entry Level
70,North,Greenwood,27736.21,3/10/2017,1,HR,Port Maria,28,Mid Level
71,Nickola,Cracie,117736.9,2/20/2006,2,HR,Ūdalah,30,Executive
72,Elizabeth,Glaum,105058.0,7/7/2022,3,Finance,Moppo,41,Senior Level
73,Matthus,Agron,111902.1,12/25/2015,1,IT,Huagu,44,Entry Level
74,Esmeralda,Plomer,59872.82,11/14/2022,4,IT,Casais,56,Entry Level
75,Kylynn,Veal,75961.98,6/9/2000,3,IT,Bhiria,46,Entry Level
76,Pauli,Farman,44178.34,11/27/2008,5,HR,Köln,43,Senior Level
77,Bernard,Audas,29733.63,10/27/2016,1,HR,Vitoria-Gasteiz,49,Entry Level
78,Elton,Baumert,139104.76,4/18/2000,1,Finance,Huangtukuang,54,Mid Level
79,Grace,Covendon,36132.83,2/13/2004,1,Marketing,Pasco,31,Mid Level
80,Ginny,Crate,75312.66,2/15/2009,5,HR,Vrilissia,55,Executive
81,Aksel,Thormwell,133765.7,3/9/2020,1,HR,Xinming,38,Executive
82,Leonhard,Vannikov,94439.06,3/15/2016,4,Finance,Ústí nad Labem,53,Executive
83,Judah,Robic,52117.22,7/8/2014,4,Finance,Visby,54,Entry Level
84,Sidonnie,Bassill,108138.0,4/8/2022,3,HR,Ochojno,40,Senior Level
85,Marnia,Rodden,118750.34,9/9/2015,4,IT,Thiès Nones,39,Senior Level
86,Lynda,Hazlegrove,117348.55,11/4/2019,2,Finance,Laiwu,37,Executive
87,Adelice,Turney,50563.94,11/27/2009,5,Marketing,Sano,42,Executive
88,Perrine,Gavaran,116900.52,4/23/2010,5,Marketing,San Antonio,59,Mid Level
89,Gerry,Lancett,62474.15,12/11/2019,2,Marketing,Dornava,20,Senior Level
90,Galina,Kramer,37007.3,5/2/2009,2,Sales,Al ‘Āqir,44,Entry Level
91,Fraser,Cardoo,75544.25,9/13/2008,4,Sales,Corral,36,Mid Level
92,Cinderella,Bennellick,33894.78,8/19/2001,4,IT,Beit Jann,44,Senior Level
93,Ruthe,Rolls,93762.59,8/22/2004,5,Marketing,Newark,42,Entry Level
94,Basil,Phelip,46187.4,5/4/2003,1,IT,Ipoh,44,Executive
95,Falkner,Cadreman,144899.51,10/15/2016,3,Sales,Río Pico,25,Executive
96,Aldous,Lovelady,81722.26,2/27/2019,2,Finance,Ungheni,34,Executive
97,Tomasine,Haselgrove,28621.55,2/26/2015,5,Finance,Baluk,60,Mid Level
98,Dominique,Wickens,56723.72,3/28/2018,3,IT,Salon-de-Provence,58,Entry Level
99,Irena,Esplin,84955.5,2/22/2013,2,Marketing,Lillooet,48,Mid Level
100,Vivien,Gutowska,88410.31,8/28/2018,1,Sales,Libušín,30,Senior Level
101,Deanne,Wetherby,40222.4,9/1/2016,3,IT,Shchelkovo,28,Mid Level
102,Violet,Duckers,80649.69,11/6/2003,4,Finance,Henglu,40,Senior Level
103,Raychel,Navaro,133957.57,2/24/2008,3,Finance,Hacıqabul,27,Entry Level
104,Marris,Waller,26812.61,12/9/2012,3,HR,Kota Trieng,21,Mid Level
105,Dawna,Harkins,63764.03,1/20/2007,2,Sales,Milán,37,Mid Level
106,Garold,Glendinning,139539.31,3/26/2009,3,Marketing,Lidu,23,Entry Level
107,Josselyn,Antonowicz,136323.04,6/29/2016,4,HR,Ikoma,28,Senior Level
108,Rafferty,Ilyuchyov,87172.68,2/15/2011,1,Finance,Kota Kinabalu,31,Mid Level
109,Susanne,Leahair,29251.82,5/14/2002,4,Marketing,Hyères,34,Senior Level
110,Jim,Kibby,137822.86,2/28/2020,2,Marketing,Balite,60,Entry Level
111,Birdie,Laxen,112747.46,4/14/2007,1,Marketing,Mikhaylovka,44,Entry Level
112,Abbot,Heffy,106739.91,4/2/2010,3,HR,Huangcun,46,Mid Level
113,Adrea,Erdis,91866.87,6/18/2020,4,Marketing,Buenavista,24,Entry Level
114,Neda,Nester,65784.37,3/17/2003,2,Finance,Khromtau,28,Mid Level
115,Charis,Harston,75485.58,5/28/2008,5,Finance,Baquero Norte,45,Senior Level
116,Caterina,Spridgeon,132583.33,10/9/2016,5,Sales,Junzhuang,42,Senior Level
117,Muriel,D'Alwis,120887.36,4/22/2016,2,HR,São Silvestre,53,Entry Level
118,Jon,Rittmeyer,108873.03,6/27/2022,4,Finance,Katur,60,Senior Level
119,Leodora,Lukas,113604.2,9/9/2006,4,HR,Ouanaminthe,20,Mid Level
120,Paige,Pegler,94678.3,2/12/2006,1,Marketing,Rawasan,60,Senior Level
121,Selma,Prince,58024.66,3/24/2016,1,IT,Santa Elena,32,Executive
122,Bobbette,Gadney,64580.24,10/7/2000,2,Marketing,Yasinya,23,Executive
123,Banky,Hawton,64800.82,4/4/2012,4,Marketing,Fuxing,27,Mid Level
124,Carol-jean,Basset,125321.27,1/14/2008,4,Marketing,Châteaudun,56,Executive
125,Burgess,Demangeon,120510.15,9/9/2019,5,HR,Likino-Dulevo,39,Entry Level
126,Nadine,Eyam,30692.72,8/19/2011,3,IT,Carrigtwohill,45,Mid Level
127,Chandler,Tams,131793.54,12/23/2014,5,IT,Yoiqag,33,Entry Level
128,Sissy,Cartman,111609.66,3/30/2015,1,HR,Sukarame,46,Mid Level
129,Allard,Sweynson,49509.3,12/16/2015,4,IT,Lethem,25,Entry Level
130,Hobard,Townson,101959.5,12/25/2014,3,Marketing,Hezuoqiao,19,Mid Level
131,Annette,Stairs,33942.6,3/10/2020,3,Finance,Basseterre,56,Entry Level
132,Kippie,Burburough,57016.59,11/8/2020,3,Finance,Dois Portos,42,Executive
133,Jacky,De Lascy,123350.88,10/12/2002,1,Finance,Kangani,47,Entry Level
134,Lulu,Kermode,49798.55,11/15/2016,2,HR,Labansari,52,Senior Level
135,Lynelle,Hassur,86648.54,9/14/2011,3,Sales,Badian,19,Entry Level
136,Tasia,Stonebanks,82791.79,5/31/2014,2,HR,Sabang,22,Executive
137,Rickie,Spire,41987.31,4/10/2004,5,Marketing,Liangyaping,19,Entry Level
138,Ram,Jewis,70615.5,11/26/2014,4,Marketing,Krajan,30,Senior Level
139,Emelina,Hurdis,45700.52,3/22/2013,1,IT,Qimeng,36,Executive
140,Marthe,Trousdale,86492.12,2/10/2015,5,Marketing,Montaneza,43,Senior Level
141,Arabella,Locksley,109343.41,8/8/2020,2,Sales,Sindanghayu,53,Executive
142,Deanna,Joskowitz,44870.57,11/23/2002,2,Marketing,Dulangan,54,Mid Level
143,Faythe,Antosch,135529.04,4/30/2009,1,Sales,Västerås,34,Mid Level
144,Pieter,Seathwright,51649.24,12/21/2009,2,HR,Ramiriquí,57,Entry Level
145,Stavro,Whatsize,119965.55,8/5/2017,5,HR,Antang,40,Executive
146,Wait,BURWIN,59521.23,11/9/2016,2,Marketing,Consolación del Sur,32,Executive
147,Colan,Claricoates,147501.0,1/26/2011,2,HR,Gombong,32,Executive
148,Haven,Vowels,24310.75,5/18/2014,5,Sales,Batouri,49,Executive
149,Vail,Robinett,134632.69,5/18/2004,5,Finance,Vyatskiye Polyany,27,Mid Level
150,Arly,Jeffryes,106754.7,9/30/2017,4,Sales,Cimanggu,45,Entry Level
151,Roshelle,Philipot,132515.0,7/17/2020,1,HR,Chengjiang,28,Executive
152,Niki,Fenne,27513.38,6/20/2005,5,HR,Santa Ana,36,Executive
153,Evy,Standing,33078.3,10/13/2018,5,HR,Jingtailu,57,Executive
154,Cliff,Sherrock,23459.09,2/13/2000,1,Marketing,Pangani,54,Mid Level
155,Elyn,Basten,89415.16,10/21/2009,1,HR,Sathing Phra,41,Entry Level
156,Ephraim,Goneau,131031.26,9/7/2020,5,HR,Třemošnice,30,Entry Level
157,Dugald,Wolledge,147732.98,3/18/2005,5,Finance,Lupane,50,Executive
158,Walsh,Boness,124911.17,1/5/2003,3,Finance,Krajan Dermawuharjo,49,Executive
159,Harley,Munns,101938.93,7/24/2009,5,Marketing,Lahad Datu,48,Executive
160,Christopher,de Aguirre,143751.3,11/18/2008,3,Sales,Nice,23,Executive
161,Redford,Stoodale,55479.39,7/19/2022,4,IT,Ranambeling,20,Executive
162,Mireille,Althrope,39910.0,1/29/2016,5,Finance,Iyo,24,Mid Level
163,Aurie,Pithcock,42492.12,10/6/2022,1,Marketing,Mimbaan Timur,21,Mid Level
164,Danette,Saltmarsh,122456.32,3/1/2003,1,Sales,Blansko,54,Mid Level
165,Jeniffer,Rapo,139007.24,1/27/2022,3,Marketing,San Juan Pueblo,22,Executive
166,Tarah,O'Doogan,73531.59,10/13/2003,3,Sales,Gravatá,56,Mid Level
167,Mallissa,Garey,77675.08,11/2/2004,3,Finance,Dalu,57,Mid Level
168,Rafael,Somerton,82197.22,8/15/2014,3,HR,Al ‘Ashshah,34,Entry Level
169,Town,Cumberbatch,50990.5,3/16/2017,2,Sales,Weixin,56,Entry Level
170,Norina,Biernat,129627.31,6/19/2021,4,HR,Wahai,21,Entry Level
171,Flore,Damper,54174.53,8/13/2009,2,Marketing,Montfort-sur-Meu,38,Entry Level
172,Anastasia,Pearson,76499.61,11/22/2022,4,Sales,Mojo,49,Mid Level
173,Arni,Laughnan,127223.31,3/19/2014,2,Finance,Wilamowice,59,Senior Level
174,Kay,Mounsey,145463.3,8/14/2009,5,Finance,Vale Boeiro,22,Executive
175,Berne,Harvett,48834.36,7/15/2009,4,Marketing,San Juan,26,Mid Level
176,Gerardo,Eynald,134608.84,9/16/2011,4,IT,Tulaghi,54,Senior Level
177,Teddie,Castellan,133758.38,1/6/2012,1,HR,Priyutovo,41,Executive
178,Wallis,Micklem,119380.46,9/13/2020,2,Finance,Radeče,59,Executive
179,Leonid,Tedstone,142780.41,4/6/2015,2,Marketing,Chambellan,25,Entry Level
180,Evelina,Winward,54382.57,5/25/2022,4,IT,São Bento,25,Senior Level
181,Tremain,Conningham,82196.67,3/26/2007,3,Sales,Bang Krathum,46,Mid Level
182,Winslow,Uzzell,66033.34,8/30/2004,2,IT,Hongchun,58,Senior Level
183,Otha,Hotson,130347.07,8/22/2013,2,Sales,Camperdown,60,Mid Level
184,Tully,Mehew,107798.02,1/19/2018,4,HR,Wuda,50,Entry Level
185,Addia,Doddridge,52173.22,7/31/2001,1,Finance,Luar,46,Executive
186,Alain,Leadley,68090.1,10/9/2000,4,Finance,Bordeaux,49,Executive
187,Lanette,Vinson,72911.74,5/8/2014,3,Marketing,København,41,Mid Level
188,Cleon,Fochs,53898.83,8/16/2015,4,Finance,Ţāmiyah,20,Executive
189,Conny,Dietmar,107951.91,8/2/2005,2,Marketing,Blažovice,25,Mid Level
190,Phip,Beecham,146004.81,2/7/2014,5,Marketing,Matanza,43,Senior Level
191,Fancie,Kollaschek,78778.33,6/12/2009,4,Finance,Jinjiang,21,Senior Level
192,Keelby,Dresche,71074.28,4/25/2017,3,Finance,Yuquan,18,Entry Level
193,Marijo,Castelluzzi,30954.45,9/1/2022,5,HR,Vichy,23,Entry Level
194,Marylynne,Densumbe,143981.57,4/17/2001,2,HR,São Leopoldo,34,Mid Level
195,Kaela,Ten Broek,20712.91,1/11/2012,5,Sales,Tagoloan,43,Mid Level
196,Tildi,Berrisford,50886.93,8/3/2021,5,Finance,Secang Barat,52,Entry Level
197,Clemens,Escalero,146280.16,2/9/2009,2,Finance,Ibabang Tayuman,53,Entry Level
198,Ora,Gerber,42712.34,10/27/2015,3,Finance,Không,19,Entry Level
199,Maressa,Bruhn,80982.67,12/11/2002,4,Marketing,Chirilagua,48,Entry Level
200,Ricoriki,Wilshire,110010.68,7/27/2011,3,HR,Ngorongoro,37,Entry Level
201,Dianemarie,Absolon,82197.74,11/15/2000,2,HR,Kokar,20,Executive
202,Inesita,Peller,94297.01,5/2/2020,1,Marketing,Zhengdun,50,Executive
203,Josh,Nielson,94728.28,12/4/2016,2,Marketing,Guanba,55,Senior Level
204,Ginger,Torn,34702.58,12/27/2016,1,Sales,Silago,42,Entry Level
205,Britteny,Pedrozzi,45004.33,3/16/2010,3,IT,Beau Vallon,60,Executive
206,Arlee,Woollett,126903.17,2/28/2016,3,Sales,Västerås,56,Executive
207,Benedetta,Ortiger,43148.68,10/18/2020,2,Sales,Vale da Serra,52,Executive
208,Meade,Grzesiewicz,33563.44,3/22/2020,3,Marketing,Santo Domingo Este,51,Entry Level
209,Amye,Swyn,46949.31,12/5/2002,3,HR,Faisalābād,19,Mid Level
210,Kaylil,Gorwood,27877.27,4/12/2015,4,Finance,Gayny,25,Senior Level
211,Martyn,Sidworth,111311.68,4/27/2002,1,IT,Göteborg,56,Mid Level
212,Roderick,Maddinon,126478.61,3/9/2014,2,HR,La Cañada,28,Senior Level
213,Tracy,Flament,134505.48,8/5/2011,5,HR,Manding,50,Executive
214,Eolande,Bartolomucci,130489.36,9/2/2006,2,Marketing,Yumbel,46,Executive
215,Nobie,Muselli,81576.78,8/7/2001,2,Finance,Santa Catalina - Dique Lujan,44,Senior Level
216,Daryle,Pursglove,82152.05,2/29/2000,5,Marketing,Werangere,55,Mid Level
217,Elijah,Elden,45524.16,2/17/2001,3,IT,Oepula,27,Senior Level
218,Nathanial,Meiner,67990.92,9/2/2008,5,HR,Selianítika,31,Mid Level
219,Ginger,Dooland,138796.02,10/9/2016,5,Finance,Valencia,19,Mid Level
220,Irma,Champkins,54545.09,5/16/2007,2,Sales,Port-de-Bouc,34,Executive
221,Monroe,Ca,22513.52,1/27/2013,3,Sales,Ono,32,Executive
222,Delainey,Diglin,64536.54,10/11/2020,2,HR,Qingshui,19,Mid Level
223,Tristam,Lasslett,58059.69,3/24/2000,1,Finance,Hushi,22,Executive
224,Nancie,Yashunin,45530.06,11/19/2005,5,IT,Pacora,33,Mid Level
225,Sisile,Romke,142038.56,1/20/2009,2,IT,Pisarzowice,40,Senior Level
226,Angil,Craythorn,67477.56,10/10/2008,5,IT,Hrušica,25,Mid Level
227,Annadiane,Kenwell,120937.42,2/5/2013,1,IT,Neryungri,43,Entry Level
228,Lonee,Quantrell,78040.9,4/19/2012,5,Finance,Tyvriv,22,Mid Level
229,Lianne,Croall,132443.93,12/2/2008,5,Sales,San Andres,20,Mid Level
230,Brigida,Crates,51527.71,9/24/2000,4,Finance,Chowki Jamali,26,Mid Level
231,Zerk,Kerner,26871.71,9/21/2001,4,Marketing,Chengjiao,55,Entry Level
232,Yard,Mundy,68667.27,6/20/2001,2,IT,Musanze,56,Executive
233,Daffie,Sargint,51594.91,2/6/2019,5,Sales,Rucava,51,Executive
234,Fanechka,Gallagher,149409.79,3/10/2007,4,Sales,Stockholm,28,Executive
235,Domenico,Fawckner,56125.24,6/18/2009,4,Sales,Wutan,42,Executive
236,Gale,Walshaw,23597.98,4/25/2002,4,IT,Wilga,37,Mid Level
237,Sergent,Grodden,101367.28,8/3/2014,5,Finance,Chełmiec,52,Senior Level
238,Augustus,Pallesen,102220.15,5/14/2009,5,Marketing,Bireun,39,Executive
239,Rosemarie,Margrie,28177.14,6/30/2013,4,HR,Ube,22,Mid Level
240,Daren,Carrigan,61989.78,3/9/2015,3,Marketing,North Bay,46,Entry Level
241,Ethyl,Redgate,118781.33,7/28/2002,2,Sales,Yasothon,21,Senior Level
242,Alvy,Alfonzo,102931.98,8/18/2000,4,Finance,Bohicon,55,Mid Level
243,Tony,Duplain,142452.54,1/30/2010,2,Finance,Karadaglije,34,Executive
244,Lucia,McCooke,50789.05,9/23/2022,2,Marketing,Kharkhorin,58,Entry Level
245,Eugine,Davydochkin,33670.01,5/7/2008,5,Sales,Gonghe,60,Entry Level
246,Lalo,Chick,68640.79,5/11/2013,5,HR,Baranovichi,18,Entry Level
247,Ambrose,Hinken,114149.39,3/8/2018,5,HR,Machikou,54,Executive
248,Cindra,Witterick,106317.35,10/31/2001,1,Marketing,Ashchysay,50,Senior Level
249,Guss,Shawe,26154.97,7/1/2000,5,IT,Chatuchak,33,Mid Level
250,Hailee,Cramphorn,81540.89,10/10/2009,2,IT,Helsingborg,41,Executive
251,Frannie,Wooffitt,131647.67,8/21/2012,1,Finance,Elverum,24,Senior Level
252,Penelope,Coupar,58007.27,12/25/2018,5,HR,General Alvear,20,Mid Level
253,Evonne,Grindall,62356.21,9/14/2018,4,HR,Pimentel,42,Senior Level
254,Rubina,Chestnutt,34552.06,8/12/2004,2,IT,Srinjine,35,Entry Level
255,Pierrette,Slocomb,46951.51,12/22/2012,2,Finance,Trondheim,27,Entry Level
256,Clayton,Cheke,119769.6,5/16/2015,1,HR,Charneca,23,Executive
257,Billy,de la Valette Parisot,63853.75,12/14/2020,1,IT,Kedungbulu,51,Senior Level
258,Roshelle,Attac,78558.36,3/2/2010,5,HR,Suç,35,Mid Level
259,Karoly,Castel,95969.16,1/31/2004,2,Sales,Zhichu,37,Executive
260,Morgan,Heilds,105258.85,8/30/2022,2,Finance,Jimsar,50,Executive
261,Krista,Yoodall,111923.36,7/24/2009,3,IT,Ōyama,44,Entry Level
262,Poul,Shapira,75677.67,3/12/2014,5,HR,Melchor de Mencos,41,Executive
263,Chantalle,Bartoszek,61255.0,12/16/2010,3,IT,Esperanza,31,Executive
264,Mart,Henaughan,65929.04,12/27/2016,4,IT,Novais,33,Entry Level
265,Vanya,Laible,47694.82,12/26/2009,3,IT,Phatthalung,49,Mid Level
266,Drucy,Smickle,104587.72,9/8/2004,1,HR,Cipeucang,47,Mid Level
267,Pam,Coonan,86620.41,5/17/2015,1,HR,Al Maḩallah al Kubrá,39,Entry Level
268,Sanson,Moens,64907.3,9/24/2020,1,Sales,Doumuhu,58,Entry Level
269,Mamie,McKissack,94832.82,6/7/2014,5,Finance,Jiekeng,39,Executive
270,Rosabelle,Miche,149526.45,6/15/2014,2,HR,Kelburn,53,Executive
271,Engelbert,Simkiss,139665.83,10/26/2003,4,Sales,Shatrovo,27,Senior Level
272,Emelita,Longo,34569.54,1/3/2011,4,Finance,Černý Most,34,Executive
273,Rosanna,Coggon,85372.73,7/10/2004,3,Sales,Orekhovo-Zuyevo,22,Senior Level
274,Vivianna,Ventam,97874.68,8/2/2011,4,Sales,Businovo,22,Executive
275,Caprice,Carbett,100023.58,4/17/2009,5,Marketing,Cuogang,56,Senior Level
276,Muffin,Raulin,57048.05,4/27/2017,5,Finance,Tiannan,19,Entry Level
277,Thomasina,Mainwaring,49791.51,1/10/2001,2,IT,Bardiyā,60,Senior Level
278,Ambur,Hayfield,135564.24,12/15/2004,5,Marketing,Getafe,43,Executive
279,Charlena,Courtliff,115759.49,5/18/2016,1,HR,Shpola,44,Senior Level
280,Magda,Arnholz,57024.07,1/28/2004,2,Finance,Hayang,40,Executive
281,Lennard,Peake,64622.59,1/19/2013,5,Finance,Cabucgayan,44,Executive
282,Shelagh,Djokovic,99280.88,12/18/2010,4,Sales,Phước An,59,Entry Level
283,Etheline,Gilgryst,23335.79,11/6/2021,5,Finance,Banamba,46,Executive
284,Kliment,Wilne,98977.99,7/28/2011,4,HR,Acarí,55,Executive
285,Melany,Camelli,131824.16,12/7/2016,3,Marketing,Hetang,53,Senior Level
286,Marcille,Newlands,105190.67,2/27/2013,1,Sales,Jeffrey’s Bay,50,Senior Level
287,Maribelle,Gong,101152.95,1/3/2020,1,HR,Skurup,22,Senior Level
288,Jarid,Erangey,65651.56,10/12/2014,2,Sales,Fresno,40,Mid Level
289,Lisbeth,Simeon,54404.95,8/31/2020,5,Marketing,Ferrol,28,Executive
290,Hercules,Clemendot,68875.94,8/9/2016,4,Marketing,Mancagahar,55,Senior Level
291,Marie-ann,Low,79324.65,10/28/2020,1,IT,Satte,23,Entry Level
292,Chet,Dellenty,24850.21,4/17/2015,5,Finance,Trà Vinh,26,Senior Level
293,Guillaume,Everley,51512.3,3/31/2009,4,HR,Nýřany,59,Executive
294,Binky,Fleckness,114339.39,7/29/2007,3,Finance,Oefatu,31,Executive
295,Derk,Pittock,135661.09,3/27/2001,5,Finance,Kadugedong,43,Senior Level
296,Hurleigh,Cansdall,63974.56,1/12/2021,2,IT,Pemberton,28,Senior Level
297,Burtie,Baston,144219.79,3/31/2004,4,IT,Shuangyang,35,Senior Level
298,Dory,Burkinshaw,54285.33,5/9/2020,2,IT,Sukamaju,47,Executive
299,Allene,Pleasants,114481.29,7/25/2010,4,IT,Velká Bystřice,53,Entry Level
300,Claretta,Crutch,114835.7,3/9/2013,3,IT,Albertville,31,Executive
301,Christy,Bainton,125478.74,5/5/2009,1,Sales,Grębów,51,Senior Level
302,Blanch,Bernolet,89546.29,5/21/2011,4,HR,Srbica,51,Senior Level
303,Darrin,Puxley,143952.07,10/6/2009,1,Finance,Seka,33,Senior Level
304,Cleveland,Goldbourn,60472.32,9/8/2014,4,Finance,Nong Muang,30,Executive
305,Alta,McNeillie,100696.82,5/11/2018,1,Sales,Palhais,19,Mid Level
306,Arlena,Chazier,74836.2,5/8/2011,5,Sales,Passo,19,Senior Level
307,Cirilo,Peaseman,25877.82,1/6/2014,5,Marketing,Nantes,20,Mid Level
308,Saunderson,Hunn,133348.78,2/20/2012,2,Sales,Rū-ye Sang,33,Executive
309,Domenico,Gylle,129720.66,5/30/2011,5,Marketing,Gon’ba,24,Senior Level
310,Merv,Rampage,145713.11,5/12/2019,4,Marketing,Yonghe,25,Entry Level
311,Jean,Elster,96841.1,9/4/2004,3,Marketing,Jinzhou,24,Entry Level
312,Diana,Hinchcliffe,73059.04,10/20/2004,3,IT,Póvoa,24,Entry Level
313,Sofie,Reignolds,56593.57,2/23/2006,4,Sales,Kalatongke,53,Entry Level
314,Ransom,Ondra,54025.48,12/5/2012,2,Sales,Stockholm,50,Mid Level
315,Shaun,Bingley,51691.02,4/30/2009,2,Marketing,Ningmute,53,Entry Level
316,Koenraad,Pigny,134850.55,11/14/2019,3,Sales,Rebrikha,39,Entry Level
317,Lethia,Wurst,28542.66,5/27/2014,3,HR,Gigant,44,Senior Level
318,Rudy,Dykas,40144.16,11/2/2007,4,HR,Siso,21,Senior Level
319,Noelani,Maylard,132910.64,5/6/2018,2,HR,Porsgrunn,39,Entry Level
320,Christean,Franzoli,61298.94,10/28/2011,3,HR,Innisfil,40,Executive
321,Benn,Healeas,115814.45,3/10/2004,2,Finance,Ol’ginka,46,Senior Level
322,Boot,Buckhurst,146183.15,10/30/2001,3,Sales,Xieba,29,Mid Level
323,Francois,Schreiner,40773.36,7/20/2008,2,Finance,Wa’eryi,20,Mid Level
324,Tracy,Gergher,36897.07,11/9/2006,2,Sales,Timashëvsk,33,Senior Level
325,Agna,O'Corren,48440.66,8/5/2012,1,HR,Frýdek-Místek,18,Executive
326,Gardiner,Winnett,63132.14,5/29/2022,2,Sales,Yaguarón,48,Entry Level
327,Lawton,Dumbare,61962.64,8/30/2012,2,Sales,Huangludian,40,Senior Level
328,Yankee,Larrington,65766.75,2/22/2017,1,Marketing,Puncaktugu,33,Senior Level
329,Hakeem,Watford,20432.89,10/20/2014,4,HR,Tikhoretsk,49,Executive
330,Dorrie,Dietz,134832.89,1/8/2019,2,HR,Marathon,24,Senior Level
331,My,Michelmore,54253.82,8/23/2014,4,IT,Ćićevac,56,Senior Level
332,Gerianna,Thome,115414.89,11/17/2011,4,Sales,Ciganaria,20,Executive
333,Mable,Essel,97234.14,12/17/2010,4,Sales,Kangaslampi,33,Entry Level
334,Dotty,Sevitt,118429.94,1/1/2008,4,Finance,Shengrenjian,30,Entry Level
335,Wye,Scard,53039.52,4/30/2021,2,IT,Stockholm,26,Senior Level
336,Brandea,Leeson,40617.1,9/30/2006,1,IT,Longgao,27,Executive
337,Muhammad,Pogg,40713.95,5/31/2002,5,IT,Göteborg,41,Senior Level
338,Gannon,Domingues,123406.05,6/3/2003,1,Finance,Abadiânia,28,Executive
339,Paola,Mattes,85474.68,5/27/2003,1,HR,Bieligutai,53,Mid Level
340,Olenolin,Zarb,41345.84,8/14/2011,5,Marketing,Korsze,33,Executive
341,Mylo,McAloren,109642.34,10/1/2005,2,Marketing,Haykashen,55,Senior Level
342,Clerissa,Shea,22319.68,3/12/2015,4,Marketing,Bunobogu,27,Senior Level
343,Flynn,Lyste,47477.39,5/1/2013,5,Finance,Drobin,24,Executive
344,Kai,Stangroom,62345.71,4/9/2020,3,Finance,Ribeirópolis,59,Mid Level
345,Jerrilee,Torfin,139438.46,4/19/2001,4,Marketing,Xianlin,58,Mid Level
346,Thia,Phillipps,80766.33,3/23/2021,5,Finance,Masinloc,53,Senior Level
347,Clary,Thorne,144274.33,4/14/2005,3,Finance,Fukagawa,52,Mid Level
348,Katharyn,Engall,98969.61,10/27/2011,3,Sales,Korop,23,Mid Level
349,Robbie,Hacquel,34966.01,11/5/2022,1,Sales,Las Tunas,22,Executive
350,Aymer,Moland,33398.66,2/26/2002,3,HR,Nueva Gerona,30,Executive
351,Gustavo,Wakelin,55068.42,12/26/2001,2,Finance,Gjilan,49,Entry Level
352,Jazmin,Vearnals,47838.77,12/4/2008,1,IT,Khalkhāl,45,Senior Level
353,Emiline,O'Currine,79311.63,8/21/2003,2,Sales,Nerópolis,60,Mid Level
354,Alida,Gatenby,133781.45,7/19/2009,3,IT,Aktau,31,Senior Level
355,Victoria,Jamison,84187.91,7/20/2006,1,Marketing,Ljutomer,53,Entry Level
356,Lucita,Skeels,30732.32,4/10/2021,3,HR,Tegalagung,26,Mid Level
357,Kaela,Poveleye,135845.56,2/7/2007,3,HR,Meziměstí,24,Entry Level
358,Kristina,Trowl,144253.8,3/26/2009,2,Marketing,Greenville,38,Senior Level
359,Dita,Bernasek,126682.83,12/30/2015,3,IT,Pingyi,58,Entry Level
360,Kennett,Dunsford,145233.04,5/27/2009,2,Finance,Buliran,49,Entry Level
361,Tressa,Pennings,41204.57,11/12/2008,1,HR,Jammāl,21,Entry Level
362,Garnette,Kirley,80267.78,4/13/2010,1,Marketing,Winangun,20,Mid Level
363,Hercules,Mc Cahey,35219.6,6/19/2005,3,Marketing,Chalchuapa,44,Senior Level
364,Law,Naper,67629.3,3/27/2007,4,HR,Teutônia,29,Entry Level
365,Pippa,Leak,112188.53,12/30/2012,2,Sales,El Arenal,43,Executive
366,Shadow,Dmitrienko,96649.19,9/25/2002,5,Sales,Castanheira,21,Senior Level
367,Bond,Alaway,81565.46,4/25/2001,5,IT,Sindangheula,35,Entry Level
368,Tristan,Axon,44345.16,9/16/2018,4,Finance,Maicao,33,Executive
369,Hasheem,Walworche,53318.09,4/26/2019,4,Sales,Villeta,38,Senior Level
370,Emmalynn,Sumsion,139083.46,8/23/2003,5,Marketing,Bella Vista,46,Senior Level
371,Sterne,Retter,138698.16,9/8/2020,2,IT,Weihai,19,Mid Level
372,Faun,Halms,34067.02,10/26/2014,4,Sales,Gurgurnica,52,Executive
373,Ruggiero,Ewence,141847.66,2/24/2013,2,Sales,Dougou,51,Mid Level
374,Bill,Linkie,104489.64,10/28/2013,1,IT,Bến Tre,55,Senior Level
375,Julissa,Cuckson,103116.52,10/28/2002,3,Sales,Kaca,44,Executive
376,Ester,Sowrah,122012.08,8/26/2004,2,Marketing,Nowlamary,30,Mid Level
377,Clarie,Grinley,115932.65,6/14/2020,3,Marketing,Maoya,44,Mid Level
378,Diane,Lakeman,35794.61,11/22/2018,4,Marketing,Santa Bárbara,20,Entry Level
379,Ofelia,Duffet,148131.31,4/26/2020,4,HR,Ḩātim,24,Senior Level
380,Rochette,McTurlough,86161.42,7/9/2013,4,Sales,Chicago,37,Mid Level
381,Vevay,Booth-Jarvis,74877.64,9/2/2009,5,IT,Ninghai,41,Mid Level
382,Roddy,Hubball,90250.72,10/5/2002,5,HR,Morelos,28,Executive
383,Robyn,Gimenez,27275.82,10/5/2011,1,HR,Cocobeach,59,Executive
384,Michale,Pierrepoint,148882.27,8/2/2001,4,Marketing,Fosca,55,Entry Level
385,Wright,Davioud,68557.5,6/13/2009,3,Marketing,Pampas,35,Executive
386,Hyatt,Scowcroft,71451.01,9/15/2018,1,HR,Taloy,43,Entry Level
387,Skelly,Synder,30385.18,12/25/2019,1,IT,Tourcoing,52,Mid Level
388,Reade,Gumn,51239.34,9/10/2004,2,Sales,Polepy,38,Executive
389,Jacky,Lorking,62808.71,11/30/2000,3,HR,Hongor,19,Entry Level
390,Fanchette,Ducroe,122056.42,1/21/2002,3,Marketing,Smolino,59,Senior Level
391,Hayden,Edwins,20939.18,3/30/2019,4,HR,Petani,33,Mid Level
392,Andie,Wintringham,57631.22,4/14/2008,4,Marketing,Tomaševac,36,Senior Level
393,Boyce,MacPhail,137830.56,3/18/2001,3,Sales,Dakhla,25,Mid Level
394,Kristan,Facher,104410.38,2/12/2016,2,HR,Du’ermenqin,18,Senior Level
395,Beck,Lilloe,145772.23,12/22/2000,5,Marketing,Huaqiu,55,Executive
396,Chrystel,Hofner,93151.45,6/25/2000,2,Marketing,Veles,32,Executive
397,Skippy,Ingleton,83010.24,4/19/2019,5,Sales,Curahkalak Tengah,53,Executive
398,Evaleen,Goldby,85156.03,2/26/2011,3,Finance,Limbaži,45,Entry Level
399,Korney,Botfield,112474.91,9/18/2010,1,HR,Maldonado,40,Senior Level
400,Neddie,Coale,50620.84,2/1/2003,2,HR,Jianzhatan,41,Entry Level
401,Robbi,Medcalf,99347.0,11/20/2021,1,IT,Yebaishou,50,Executive
402,Letty,Haversham,43927.73,12/20/2006,1,Sales,Babakantonggoh,60,Entry Level
403,Donnell,Vellender,59328.93,12/1/2000,1,Finance,Ad Dimnah,48,Executive
404,Greta,Pitrollo,97758.64,11/21/2020,1,Finance,Guayabetal,24,Entry Level
405,Dotty,Lockner,106189.3,2/27/2002,4,IT,Niort,52,Executive
406,Selie,Coffey,57944.0,12/28/2004,3,Marketing,Siborong-borong,53,Executive
407,Freddy,Shalders,113674.51,10/1/2003,2,Marketing,Panolan,33,Senior Level
408,Antonietta,Carah,110664.0,12/5/2019,3,IT,Kumlinge,30,Mid Level
409,Opalina,Greggersen,111768.49,6/24/2006,1,Sales,Jalaud,29,Executive
410,Geoffry,Noonan,106878.44,3/3/2018,3,IT,Kutao,18,Mid Level
411,Morissa,Cayton,39885.96,11/21/2009,3,HR,Chachagüí,49,Executive
412,Garrik,Easterbrook,73433.05,7/22/2010,1,Marketing,Tokmok,46,Executive
413,Redd,Pollett,101783.01,1/20/2018,2,Sales,Shuangmiaojie,24,Senior Level
414,Alexa,Bakeup,23558.36,5/7/2022,2,IT,Eskilstuna,45,Senior Level
415,Ase,Dalton,91014.95,4/14/2014,4,Marketing,Garagoa,37,Executive
416,Jedediah,Beelby,147744.39,8/16/2007,2,Finance,Espanola,45,Mid Level
417,Odetta,Duckhouse,133814.47,9/28/2010,4,Marketing,Keli,42,Mid Level
418,Delmar,Kingett,140431.08,12/11/2013,1,HR,Verdizela,19,Senior Level
419,Anson,Kingzet,147461.34,9/12/2021,1,Marketing,Kuala Terengganu,50,Senior Level
420,Diana,MacRannell,89054.99,7/25/2004,3,HR,Yongfa,59,Entry Level
421,Trey,Goude,63847.66,11/24/2017,5,Sales,Auch,29,Mid Level
422,Inge,Malone,80349.25,12/12/2001,3,Sales,Astypálaia,55,Mid Level
423,Selina,Szwarc,97652.75,7/18/2015,1,Finance,Krajan,24,Mid Level
424,Laurianne,Duckitt,69535.78,1/25/2002,1,IT,Ростуша,27,Entry Level
425,Anthony,Shutle,40506.44,9/4/2000,3,Marketing,Sel’tso,44,Senior Level
426,Alice,Butler-Bowdon,140426.57,9/25/2013,4,Finance,Beidou,56,Mid Level
427,Paolina,Craske,48145.62,6/3/2017,4,Finance,Anadia,35,Entry Level
428,Tanya,Eason,99624.37,8/10/2018,5,Sales,Nogueira do Cravo,36,Senior Level
429,Tasia,Fairholme,103890.04,8/28/2000,3,Marketing,Thouars,51,Mid Level
430,Viole,Szymanowski,148632.57,6/11/2002,2,Finance,Bacun,44,Entry Level
431,Alli,Hookes,27906.22,4/23/2018,5,IT,Kapitanivka,20,Executive
432,Jake,Dunckley,26082.25,1/8/2017,3,HR,Cimara,45,Senior Level
433,Sheila-kathryn,Izzard,40996.34,3/3/2018,2,Marketing,Danjiangkou,46,Senior Level
434,Hale,McGrudder,82708.9,11/5/2012,4,Marketing,Andarapa,49,Entry Level
435,Lorain,Hartop,97162.7,10/1/2000,5,Sales,Villa María,39,Entry Level
436,Adrienne,Turbayne,75586.72,1/27/2004,5,Sales,Ubon Ratchathani,44,Mid Level
437,Cordi,Graeser,21194.08,7/20/2003,3,Finance,Krajan,53,Executive
438,Robenia,Golding,57906.24,6/8/2015,2,Finance,Lianhua,56,Entry Level
439,Sydel,Wicklin,118418.81,2/23/2018,1,Sales,Longgang,43,Mid Level
440,Alina,Prestner,72585.5,12/25/2020,2,Finance,Caromatan,59,Executive
441,Dwayne,Blincowe,78242.33,9/4/2016,2,HR,El Doncello,21,Senior Level
442,Olimpia,Tatford,24198.18,10/24/2011,1,IT,Yiqi,27,Senior Level
443,Gilli,Rosenhaus,143575.55,8/30/2021,1,Sales,Margarita,31,Senior Level
444,Burgess,Fitzsymons,40264.72,9/27/2022,3,Finance,Dundbürd,33,Mid Level
445,Gusta,Hawthorne,60975.31,6/9/2014,2,Sales,Bagneux,58,Entry Level
446,Norris,Fanti,62631.66,3/25/2002,1,Sales,Eksjö,21,Entry Level
447,Douglass,Provest,47929.87,12/15/2011,1,Marketing,Kristiansand S,34,Mid Level
448,Kirstin,Riccardi,69705.73,8/27/2017,1,Marketing,Litian,22,Mid Level
449,Olga,Clewett,21625.86,12/9/2021,3,Sales,Tomakivka,51,Mid Level
450,Brande,Verna,145784.36,2/17/2016,4,IT,Thành Phố Thái Bình,59,Senior Level
451,Bondon,Cranage,141511.84,10/25/2016,5,HR,Morcellemont Saint André,35,Mid Level
452,Marlowe,Brodeur,137437.68,4/25/2002,1,Finance,New Orleans,27,Executive
453,Hendrik,Clyburn,113728.28,2/10/2016,5,HR,Datun,60,Entry Level
454,Betteann,Clemmitt,73872.49,2/24/2010,1,Sales,Kalangbret,53,Executive
455,Michale,Vasin,82728.62,6/2/2005,3,Sales,Kota Kinabalu,57,Mid Level
456,Erna,Josh,117121.82,9/8/2006,2,Sales,Boljoon,43,Entry Level
457,Gawen,Mantle,49719.98,2/5/2006,5,HR,Grzęska,59,Senior Level
458,Helen,Easter,42149.75,9/13/2003,3,Sales,Petushki,33,Mid Level
459,Berti,Barriball,82189.21,4/30/2004,1,Finance,Manlio Fabio Altamirano,40,Executive
460,Saree,Houchen,98469.09,9/30/2000,3,IT,Cañada de Gómez,49,Mid Level
461,Pietra,Ech,87489.6,4/8/2022,2,Sales,Радовиш,58,Executive
462,Dominique,Sancho,132693.17,6/17/2012,3,Finance,Sangmu,24,Entry Level
463,Patric,MacConnel,28027.19,1/6/2007,3,Sales,Beidaihehaibin,40,Mid Level
464,Thatch,Reisen,73236.9,6/29/2022,5,Finance,Tāybād,22,Mid Level
465,Gwyn,Burel,69524.38,1/27/2013,4,Finance,Thatèng,22,Entry Level
466,Sheffield,Chatterton,38733.18,6/26/2015,2,HR,Quimbaya,34,Senior Level
467,Claudine,Stickins,97516.81,6/14/2002,1,IT,Waru,42,Senior Level
468,Jim,Dransfield,39666.32,6/10/2006,4,Finance,Valbo,28,Executive
469,Eachelle,Bowering,60810.49,11/3/2000,1,Finance,Youxikou,36,Mid Level
470,Emile,Gazzard,149774.35,10/22/2014,3,HR,Blagnac,58,Mid Level
471,Leone,Izakov,70185.07,4/16/2022,1,Marketing,Vysotskoye,37,Entry Level
472,Claudie,Walcar,108987.22,3/11/2004,4,HR,Sungaikakap,48,Executive
473,Mehetabel,Hebden,103125.45,3/30/2005,1,Sales,Lluka e Eperme,48,Executive
474,Eugenio,Goodsell,68423.25,11/16/2007,3,Finance,Tamanan,39,Senior Level
475,Rory,Deroche,148721.9,8/22/2010,2,Sales,Syzran’,55,Mid Level
476,Birgit,Schwandner,46346.66,8/7/2003,3,Marketing,Miaotang,46,Mid Level
477,Julian,McGeown,59112.27,4/15/2011,4,Marketing,Allen,60,Executive
478,Karie,Ranklin,54059.49,6/16/2012,3,IT,Hwawŏn,35,Mid Level
479,Josephine,Laimable,52709.37,11/19/2020,1,Marketing,Zhongshan,52,Executive
480,Tanitansy,Zimmer,77153.55,8/14/2012,1,Marketing,Sinacaban,46,Senior Level
481,Artur,Gribbin,120431.22,2/17/2010,2,HR,Carbonear,33,Executive
482,Forest,Stemson,116516.12,12/29/2009,1,Finance,Shanhaiguan,20,Executive
483,Giles,Lisciardelli,71398.52,2/10/2016,2,HR,Gulu,38,Entry Level
484,Jerry,Lesly,34352.65,10/9/2007,5,Marketing,Fucheng,57,Senior Level
485,Pattie,McGuinness,73897.13,2/17/2004,2,HR,Montes Velhos,27,Entry Level
486,Cicily,Paschke,29268.02,9/25/2010,2,Sales,Suḩayl Shibām,55,Entry Level
487,Ronna,Whyatt,27438.28,4/11/2011,2,Marketing,Añelo,18,Entry Level
488,Vito,Freeth,148788.99,12/3/2020,2,IT,Jand,56,Senior Level
489,Dani,Philippon,38515.72,3/9/2010,4,IT,Black River,55,Senior Level
490,Caprice,De Gouy,68205.11,9/19/2021,3,Finance,Nagahama,57,Senior Level
491,Dalli,Caulliere,91977.33,5/26/2019,3,Sales,Zhamog,37,Entry Level
492,Kermit,Colebeck,88977.67,10/2/2016,2,Finance,Indianapolis,44,Senior Level
493,Ari,Hairsnape,90127.46,1/14/2022,5,HR,Minador do Negrão,27,Senior Level
494,Sander,Lazar,49599.2,1/22/2007,4,IT,Tacoma,40,Executive
495,Anna-maria,Moncey,65901.28,8/16/2005,4,Marketing,Wudian,27,Entry Level
496,Templeton,McRavey,106091.72,5/6/2017,5,Marketing,Gwaram,25,Mid Level
497,Susann,Jeannenet,82748.62,7/27/2002,2,Sales,Pugeran,22,Senior Level
498,Ulberto,Roberti,108076.39,7/27/2012,5,Marketing,Kowo,46,Executive
499,Latrena,Livings,73409.93,2/19/2003,2,Marketing,Jiangwang,32,Executive
500,Maia,Clissett,82940.17,6/22/2020,2,Sales,Linares,31,Mid Level
